metric,strategy,mean_delta,wilcoxon_stat,p_value,significant
k,penultimate,-2.738095238095238,0.0,1.4820539489898108e-07,True
entropy,penultimate,-0.17891229992471405,0.0,4.547473508864641e-13,True
drift,penultimate,-0.20832639472132472,154.0,0.0001899483513625455,True
procrustes,penultimate,-0.34014257134786197,19.0,2.7921487344428897e-10,True
