variant,strategy,correlation,n
baseline,penultimate,0.7460203777782227,41
baseline,last4_concat,0.739011107572292,41
dapt,penultimate,0.6977367955123847,41
dapt,last4_concat,0.6321589599136319,41
